Year,Month,Zone,P_Conflict,Gov_Weakness,Trigger_Level,Season,Is_Conflict,Conflict_Name
2008,1,Zone_1,0.217,Fragile,Medium,Dry,False,
2008,1,Zone_2,0.217,Fragile,Medium,Dry,False,
2008,1,Zone_3,0.0283,Fragile,Medium,Dry,False,
2008,1,Zone_4,0.0133,Fragile,Medium,Dry,False,
2008,2,Zone_1,0.217,Fragile,Medium,Dry,False,
2008,2,Zone_2,0.217,Fragile,Medium,Dry,False,
2008,2,Zone_3,0.0283,Fragile,Medium,Dry,False,
2008,2,Zone_4,0.0133,Fragile,Medium,Dry,False,
2008,3,Zone_1,0.217,Fragile,Medium,Dry,False,
2008,3,Zone_2,0.217,Fragile,Medium,Dry,False,
2008,3,Zone_3,0.0283,Fragile,Medium,Dry,False,
2008,3,Zone_4,0.0133,Fragile,Medium,Dry,False,
2008,4,Zone_1,0.217,Fragile,Medium,Dry,False,
2008,4,Zone_2,0.217,Fragile,Medium,Dry,False,
2008,4,Zone_3,0.0283,Fragile,Medium,Dry,False,
2008,4,Zone_4,0.0133,Fragile,Medium,Dry,False,
2008,5,Zone_1,0.15,Fragile,Medium,Mixed,False,
2008,5,Zone_2,0.15,Fragile,Medium,Mixed,False,
2008,5,Zone_3,0.02,Fragile,Medium,Mixed,False,
2008,5,Zone_4,0.0133,Fragile,Medium,Mixed,False,
2008,6,Zone_1,0.15,Fragile,Medium,Mixed,False,
2008,6,Zone_2,0.15,Fragile,Medium,Mixed,False,
2008,6,Zone_3,0.02,Fragile,Medium,Mixed,False,
2008,6,Zone_4,0.0133,Fragile,Medium,Mixed,False,
2008,7,Zone_1,0.15,Fragile,Medium,Mixed,False,
2008,7,Zone_2,0.15,Fragile,Medium,Mixed,False,
2008,7,Zone_3,0.02,Fragile,Medium,Mixed,False,
2008,7,Zone_4,0.0133,Fragile,Medium,Mixed,False,
2008,8,Zone_1,0.15,Fragile,Medium,Mixed,False,
2008,8,Zone_2,0.15,Fragile,Medium,Mixed,False,
2008,8,Zone_3,0.02,Fragile,Medium,Mixed,False,
2008,8,Zone_4,0.0133,Fragile,Medium,Mixed,False,
2008,9,Zone_1,0.15,Fragile,Medium,Mixed,False,
2008,9,Zone_2,0.15,Fragile,Medium,Mixed,False,
2008,9,Zone_3,0.02,Fragile,Medium,Mixed,False,
2008,9,Zone_4,0.0133,Fragile,Medium,Mixed,False,
2008,10,Zone_1,0.15,Fragile,Medium,Mixed,True,Preah Vihear Clashes (Oct 2008)
2008,10,Zone_2,0.15,Fragile,Medium,Mixed,True,Preah Vihear Clashes (Oct 2008)
2008,10,Zone_3,0.02,Fragile,Medium,Mixed,False,
2008,10,Zone_4,0.0133,Fragile,Medium,Mixed,False,
2008,11,Zone_1,0.217,Fragile,Medium,Dry,True,Preah Vihear Clashes (Nov 2008)
2008,11,Zone_2,0.217,Fragile,Medium,Dry,True,Preah Vihear Clashes (Nov 2008)
2008,11,Zone_3,0.0283,Fragile,Medium,Dry,False,
2008,11,Zone_4,0.0133,Fragile,Medium,Dry,False,
2008,12,Zone_1,0.5,Collapsed,Medium,Dry,False,
2008,12,Zone_2,0.5,Collapsed,Medium,Dry,False,
2008,12,Zone_3,0.35,Collapsed,Medium,Dry,False,
2008,12,Zone_4,0.35,Collapsed,Medium,Dry,False,
2009,1,Zone_1,0.217,Fragile,Medium,Dry,False,
2009,1,Zone_2,0.217,Fragile,Medium,Dry,False,
2009,1,Zone_3,0.0283,Fragile,Medium,Dry,False,
2009,1,Zone_4,0.0133,Fragile,Medium,Dry,False,
2009,2,Zone_1,0.217,Fragile,Medium,Dry,False,
2009,2,Zone_2,0.217,Fragile,Medium,Dry,False,
2009,2,Zone_3,0.0283,Fragile,Medium,Dry,False,
2009,2,Zone_4,0.0133,Fragile,Medium,Dry,False,
2009,3,Zone_1,0.217,Fragile,Medium,Dry,False,
2009,3,Zone_2,0.217,Fragile,Medium,Dry,False,
2009,3,Zone_3,0.0283,Fragile,Medium,Dry,False,
2009,3,Zone_4,0.0133,Fragile,Medium,Dry,False,
2009,4,Zone_1,0.217,Fragile,Medium,Dry,False,
2009,4,Zone_2,0.217,Fragile,Medium,Dry,False,
2009,4,Zone_3,0.0283,Fragile,Medium,Dry,False,
2009,4,Zone_4,0.0133,Fragile,Medium,Dry,False,
2009,5,Zone_1,0.15,Fragile,Medium,Mixed,False,
2009,5,Zone_2,0.15,Fragile,Medium,Mixed,False,
2009,5,Zone_3,0.02,Fragile,Medium,Mixed,False,
2009,5,Zone_4,0.0133,Fragile,Medium,Mixed,False,
2009,6,Zone_1,0.15,Fragile,Medium,Mixed,False,
2009,6,Zone_2,0.15,Fragile,Medium,Mixed,False,
2009,6,Zone_3,0.02,Fragile,Medium,Mixed,False,
2009,6,Zone_4,0.0133,Fragile,Medium,Mixed,False,
2009,7,Zone_1,0.15,Fragile,Medium,Mixed,False,
2009,7,Zone_2,0.15,Fragile,Medium,Mixed,False,
2009,7,Zone_3,0.02,Fragile,Medium,Mixed,False,
2009,7,Zone_4,0.0133,Fragile,Medium,Mixed,False,
2009,8,Zone_1,0.15,Fragile,Medium,Mixed,False,
2009,8,Zone_2,0.15,Fragile,Medium,Mixed,False,
2009,8,Zone_3,0.02,Fragile,Medium,Mixed,False,
2009,8,Zone_4,0.0133,Fragile,Medium,Mixed,False,
2009,9,Zone_1,0.15,Fragile,Medium,Mixed,False,
2009,9,Zone_2,0.15,Fragile,Medium,Mixed,False,
2009,9,Zone_3,0.02,Fragile,Medium,Mixed,False,
2009,9,Zone_4,0.0133,Fragile,Medium,Mixed,False,
2009,10,Zone_1,0.15,Fragile,Medium,Mixed,False,
2009,10,Zone_2,0.15,Fragile,Medium,Mixed,False,
2009,10,Zone_3,0.02,Fragile,Medium,Mixed,False,
2009,10,Zone_4,0.0133,Fragile,Medium,Mixed,False,
2009,11,Zone_1,0.217,Fragile,Medium,Dry,False,
2009,11,Zone_2,0.217,Fragile,Medium,Dry,False,
2009,11,Zone_3,0.0283,Fragile,Medium,Dry,False,
2009,11,Zone_4,0.0133,Fragile,Medium,Dry,False,
2009,12,Zone_1,0.217,Fragile,Medium,Dry,False,
2009,12,Zone_2,0.217,Fragile,Medium,Dry,False,
2009,12,Zone_3,0.0283,Fragile,Medium,Dry,False,
2009,12,Zone_4,0.0133,Fragile,Medium,Dry,False,
2010,1,Zone_1,0.14,Fragile,Low,Dry,False,
2010,1,Zone_2,0.14,Fragile,Low,Dry,False,
2010,1,Zone_3,0.02,Fragile,Low,Dry,False,
2010,1,Zone_4,0.01,Fragile,Low,Dry,False,
2010,2,Zone_1,0.14,Fragile,Low,Dry,False,
2010,2,Zone_2,0.14,Fragile,Low,Dry,False,
2010,2,Zone_3,0.02,Fragile,Low,Dry,False,
2010,2,Zone_4,0.01,Fragile,Low,Dry,False,
2010,3,Zone_1,0.14,Fragile,Low,Dry,False,
2010,3,Zone_2,0.14,Fragile,Low,Dry,False,
2010,3,Zone_3,0.02,Fragile,Low,Dry,False,
2010,3,Zone_4,0.01,Fragile,Low,Dry,False,
2010,4,Zone_1,0.14,Fragile,Low,Dry,False,
2010,4,Zone_2,0.14,Fragile,Low,Dry,False,
2010,4,Zone_3,0.02,Fragile,Low,Dry,False,
2010,4,Zone_4,0.01,Fragile,Low,Dry,False,
2010,5,Zone_1,0.1,Fragile,Low,Mixed,False,
2010,5,Zone_2,0.1,Fragile,Low,Mixed,False,
2010,5,Zone_3,0.015,Fragile,Low,Mixed,False,
2010,5,Zone_4,0.01,Fragile,Low,Mixed,False,
2010,6,Zone_1,0.1,Fragile,Low,Mixed,False,
2010,6,Zone_2,0.1,Fragile,Low,Mixed,False,
2010,6,Zone_3,0.015,Fragile,Low,Mixed,False,
2010,6,Zone_4,0.01,Fragile,Low,Mixed,False,
2010,7,Zone_1,0.1,Fragile,Low,Mixed,False,
2010,7,Zone_2,0.1,Fragile,Low,Mixed,False,
2010,7,Zone_3,0.015,Fragile,Low,Mixed,False,
2010,7,Zone_4,0.01,Fragile,Low,Mixed,False,
2010,8,Zone_1,0.1,Fragile,Low,Mixed,False,
2010,8,Zone_2,0.1,Fragile,Low,Mixed,False,
2010,8,Zone_3,0.015,Fragile,Low,Mixed,False,
2010,8,Zone_4,0.01,Fragile,Low,Mixed,False,
2010,9,Zone_1,0.1,Fragile,Low,Mixed,False,
2010,9,Zone_2,0.1,Fragile,Low,Mixed,False,
2010,9,Zone_3,0.015,Fragile,Low,Mixed,False,
2010,9,Zone_4,0.01,Fragile,Low,Mixed,False,
2010,10,Zone_1,0.1,Fragile,Low,Mixed,False,
2010,10,Zone_2,0.1,Fragile,Low,Mixed,False,
2010,10,Zone_3,0.015,Fragile,Low,Mixed,False,
2010,10,Zone_4,0.01,Fragile,Low,Mixed,False,
2010,11,Zone_1,0.14,Fragile,Low,Dry,False,
2010,11,Zone_2,0.14,Fragile,Low,Dry,False,
2010,11,Zone_3,0.02,Fragile,Low,Dry,False,
2010,11,Zone_4,0.01,Fragile,Low,Dry,False,
2010,12,Zone_1,0.14,Fragile,Low,Dry,False,
2010,12,Zone_2,0.14,Fragile,Low,Dry,False,
2010,12,Zone_3,0.02,Fragile,Low,Dry,False,
2010,12,Zone_4,0.01,Fragile,Low,Dry,False,
2011,1,Zone_1,0.217,Fragile,Medium,Dry,False,
2011,1,Zone_2,0.217,Fragile,Medium,Dry,False,
2011,1,Zone_3,0.0283,Fragile,Medium,Dry,False,
2011,1,Zone_4,0.0133,Fragile,Medium,Dry,False,
2011,2,Zone_1,0.217,Fragile,Medium,Dry,True,Preah Vihear Artillery Exchange (Feb 2011)
2011,2,Zone_2,0.217,Fragile,Medium,Dry,True,Preah Vihear Artillery Exchange (Feb 2011)
2011,2,Zone_3,0.0283,Fragile,Medium,Dry,False,
2011,2,Zone_4,0.0133,Fragile,Medium,Dry,False,
2011,3,Zone_1,0.217,Fragile,Medium,Dry,False,
2011,3,Zone_2,0.217,Fragile,Medium,Dry,False,
2011,3,Zone_3,0.0283,Fragile,Medium,Dry,False,
2011,3,Zone_4,0.0133,Fragile,Medium,Dry,False,
2011,4,Zone_1,0.217,Fragile,Medium,Dry,True,Ta Moan / Ta Krabey Clashes (Apr 2011)
2011,4,Zone_2,0.217,Fragile,Medium,Dry,True,Ta Moan / Ta Krabey Clashes (Apr 2011)
2011,4,Zone_3,0.0283,Fragile,Medium,Dry,False,
2011,4,Zone_4,0.0133,Fragile,Medium,Dry,False,
2011,5,Zone_1,0.15,Fragile,Medium,Mixed,False,
2011,5,Zone_2,0.15,Fragile,Medium,Mixed,False,
2011,5,Zone_3,0.02,Fragile,Medium,Mixed,False,
2011,5,Zone_4,0.0133,Fragile,Medium,Mixed,False,
2011,6,Zone_1,0.15,Fragile,Medium,Mixed,False,
2011,6,Zone_2,0.15,Fragile,Medium,Mixed,False,
2011,6,Zone_3,0.02,Fragile,Medium,Mixed,False,
2011,6,Zone_4,0.0133,Fragile,Medium,Mixed,False,
2011,7,Zone_1,0.1,Stable,Medium,Mixed,False,
2011,7,Zone_2,0.1,Stable,Medium,Mixed,False,
2011,7,Zone_3,0.04,Stable,Medium,Mixed,False,
2011,7,Zone_4,0.04,Stable,Medium,Mixed,False,
2011,8,Zone_1,0.1,Stable,Medium,Mixed,False,
2011,8,Zone_2,0.1,Stable,Medium,Mixed,False,
2011,8,Zone_3,0.04,Stable,Medium,Mixed,False,
2011,8,Zone_4,0.04,Stable,Medium,Mixed,False,
2011,9,Zone_1,0.1,Stable,Medium,Mixed,False,
2011,9,Zone_2,0.1,Stable,Medium,Mixed,False,
2011,9,Zone_3,0.04,Stable,Medium,Mixed,False,
2011,9,Zone_4,0.04,Stable,Medium,Mixed,False,
2011,10,Zone_1,0.1,Stable,Medium,Mixed,False,
2011,10,Zone_2,0.1,Stable,Medium,Mixed,False,
2011,10,Zone_3,0.04,Stable,Medium,Mixed,False,
2011,10,Zone_4,0.04,Stable,Medium,Mixed,False,
2011,11,Zone_1,0.13,Stable,Medium,Dry,False,
2011,11,Zone_2,0.13,Stable,Medium,Dry,False,
2011,11,Zone_3,0.05,Stable,Medium,Dry,False,
2011,11,Zone_4,0.04,Stable,Medium,Dry,False,
2011,12,Zone_1,0.13,Stable,Medium,Dry,False,
2011,12,Zone_2,0.13,Stable,Medium,Dry,False,
2011,12,Zone_3,0.05,Stable,Medium,Dry,False,
2011,12,Zone_4,0.04,Stable,Medium,Dry,False,
2012,1,Zone_1,0.1154,Stable,Low,Dry,False,
2012,1,Zone_2,0.1154,Stable,Low,Dry,False,
2012,1,Zone_3,0.1154,Stable,Low,Dry,False,
2012,1,Zone_4,0.0455,Stable,Low,Dry,False,
2012,2,Zone_1,0.1154,Stable,Low,Dry,False,
2012,2,Zone_2,0.1154,Stable,Low,Dry,False,
2012,2,Zone_3,0.1154,Stable,Low,Dry,False,
2012,2,Zone_4,0.0455,Stable,Low,Dry,False,
2012,3,Zone_1,0.1154,Stable,Low,Dry,False,
2012,3,Zone_2,0.1154,Stable,Low,Dry,False,
2012,3,Zone_3,0.1154,Stable,Low,Dry,False,
2012,3,Zone_4,0.0455,Stable,Low,Dry,False,
2012,4,Zone_1,0.1154,Stable,Low,Dry,False,
2012,4,Zone_2,0.1154,Stable,Low,Dry,False,
2012,4,Zone_3,0.1154,Stable,Low,Dry,False,
2012,4,Zone_4,0.0455,Stable,Low,Dry,False,
2012,5,Zone_1,0.08,Stable,Low,Mixed,False,
2012,5,Zone_2,0.08,Stable,Low,Mixed,False,
2012,5,Zone_3,0.03,Stable,Low,Mixed,False,
2012,5,Zone_4,0.0455,Stable,Low,Mixed,False,
2012,6,Zone_1,0.08,Stable,Low,Mixed,False,
2012,6,Zone_2,0.08,Stable,Low,Mixed,False,
2012,6,Zone_3,0.03,Stable,Low,Mixed,False,
2012,6,Zone_4,0.0455,Stable,Low,Mixed,False,
2012,7,Zone_1,0.08,Stable,Low,Mixed,False,
2012,7,Zone_2,0.08,Stable,Low,Mixed,False,
2012,7,Zone_3,0.03,Stable,Low,Mixed,False,
2012,7,Zone_4,0.0455,Stable,Low,Mixed,False,
2012,8,Zone_1,0.08,Stable,Low,Mixed,False,
2012,8,Zone_2,0.08,Stable,Low,Mixed,False,
2012,8,Zone_3,0.03,Stable,Low,Mixed,False,
2012,8,Zone_4,0.0455,Stable,Low,Mixed,False,
2012,9,Zone_1,0.08,Stable,Low,Mixed,False,
2012,9,Zone_2,0.08,Stable,Low,Mixed,False,
2012,9,Zone_3,0.03,Stable,Low,Mixed,False,
2012,9,Zone_4,0.0455,Stable,Low,Mixed,False,
2012,10,Zone_1,0.08,Stable,Low,Mixed,False,
2012,10,Zone_2,0.08,Stable,Low,Mixed,False,
2012,10,Zone_3,0.03,Stable,Low,Mixed,False,
2012,10,Zone_4,0.0455,Stable,Low,Mixed,False,
2012,11,Zone_1,0.1154,Stable,Low,Dry,False,
2012,11,Zone_2,0.1154,Stable,Low,Dry,False,
2012,11,Zone_3,0.1154,Stable,Low,Dry,False,
2012,11,Zone_4,0.0455,Stable,Low,Dry,False,
2012,12,Zone_1,0.1154,Stable,Low,Dry,False,
2012,12,Zone_2,0.1154,Stable,Low,Dry,False,
2012,12,Zone_3,0.1154,Stable,Low,Dry,False,
2012,12,Zone_4,0.0455,Stable,Low,Dry,False,
2013,1,Zone_1,0.217,Fragile,Medium,Dry,False,
2013,1,Zone_2,0.217,Fragile,Medium,Dry,False,
2013,1,Zone_3,0.0283,Fragile,Medium,Dry,False,
2013,1,Zone_4,0.0133,Fragile,Medium,Dry,False,
2013,2,Zone_1,0.217,Fragile,Medium,Dry,False,
2013,2,Zone_2,0.217,Fragile,Medium,Dry,False,
2013,2,Zone_3,0.0283,Fragile,Medium,Dry,False,
2013,2,Zone_4,0.0133,Fragile,Medium,Dry,False,
2013,3,Zone_1,0.217,Fragile,Medium,Dry,False,
2013,3,Zone_2,0.217,Fragile,Medium,Dry,False,
2013,3,Zone_3,0.0283,Fragile,Medium,Dry,False,
2013,3,Zone_4,0.0133,Fragile,Medium,Dry,False,
2013,4,Zone_1,0.217,Fragile,Medium,Dry,False,
2013,4,Zone_2,0.217,Fragile,Medium,Dry,False,
2013,4,Zone_3,0.0283,Fragile,Medium,Dry,False,
2013,4,Zone_4,0.0133,Fragile,Medium,Dry,False,
2013,5,Zone_1,0.15,Fragile,Medium,Mixed,False,
2013,5,Zone_2,0.15,Fragile,Medium,Mixed,False,
2013,5,Zone_3,0.02,Fragile,Medium,Mixed,False,
2013,5,Zone_4,0.0133,Fragile,Medium,Mixed,False,
2013,6,Zone_1,0.15,Fragile,Medium,Mixed,False,
2013,6,Zone_2,0.15,Fragile,Medium,Mixed,False,
2013,6,Zone_3,0.02,Fragile,Medium,Mixed,False,
2013,6,Zone_4,0.0133,Fragile,Medium,Mixed,False,
2013,7,Zone_1,0.15,Fragile,Medium,Mixed,False,
2013,7,Zone_2,0.15,Fragile,Medium,Mixed,False,
2013,7,Zone_3,0.02,Fragile,Medium,Mixed,False,
2013,7,Zone_4,0.0133,Fragile,Medium,Mixed,False,
2013,8,Zone_1,0.15,Fragile,Medium,Mixed,False,
2013,8,Zone_2,0.15,Fragile,Medium,Mixed,False,
2013,8,Zone_3,0.02,Fragile,Medium,Mixed,False,
2013,8,Zone_4,0.0133,Fragile,Medium,Mixed,False,
2013,9,Zone_1,0.15,Fragile,Medium,Mixed,False,
2013,9,Zone_2,0.15,Fragile,Medium,Mixed,False,
2013,9,Zone_3,0.02,Fragile,Medium,Mixed,False,
2013,9,Zone_4,0.0133,Fragile,Medium,Mixed,False,
2013,10,Zone_1,0.15,Fragile,Medium,Mixed,False,
2013,10,Zone_2,0.15,Fragile,Medium,Mixed,False,
2013,10,Zone_3,0.02,Fragile,Medium,Mixed,False,
2013,10,Zone_4,0.0133,Fragile,Medium,Mixed,False,
2013,11,Zone_1,0.217,Fragile,Medium,Dry,False,
2013,11,Zone_2,0.217,Fragile,Medium,Dry,False,
2013,11,Zone_3,0.0283,Fragile,Medium,Dry,False,
2013,11,Zone_4,0.0133,Fragile,Medium,Dry,False,
2013,12,Zone_1,0.217,Fragile,Medium,Dry,False,
2013,12,Zone_2,0.217,Fragile,Medium,Dry,False,
2013,12,Zone_3,0.0283,Fragile,Medium,Dry,False,
2013,12,Zone_4,0.0133,Fragile,Medium,Dry,False,
2014,1,Zone_1,0.5,Collapsed,Medium,Dry,False,
2014,1,Zone_2,0.5,Collapsed,Medium,Dry,False,
2014,1,Zone_3,0.35,Collapsed,Medium,Dry,False,
2014,1,Zone_4,0.35,Collapsed,Medium,Dry,False,
2014,2,Zone_1,0.5,Collapsed,Medium,Dry,False,
2014,2,Zone_2,0.5,Collapsed,Medium,Dry,False,
2014,2,Zone_3,0.35,Collapsed,Medium,Dry,False,
2014,2,Zone_4,0.35,Collapsed,Medium,Dry,False,
2014,3,Zone_1,0.5,Collapsed,Medium,Dry,False,
2014,3,Zone_2,0.5,Collapsed,Medium,Dry,False,
2014,3,Zone_3,0.35,Collapsed,Medium,Dry,False,
2014,3,Zone_4,0.35,Collapsed,Medium,Dry,False,
2014,4,Zone_1,0.5,Collapsed,Medium,Dry,False,
2014,4,Zone_2,0.5,Collapsed,Medium,Dry,False,
2014,4,Zone_3,0.35,Collapsed,Medium,Dry,False,
2014,4,Zone_4,0.35,Collapsed,Medium,Dry,False,
2014,5,Zone_1,0.37,Collapsed,Medium,Mixed,False,
2014,5,Zone_2,0.37,Collapsed,Medium,Mixed,False,
2014,5,Zone_3,0.29,Collapsed,Medium,Mixed,False,
2014,5,Zone_4,0.35,Collapsed,Medium,Mixed,False,
2014,6,Zone_1,0.37,Collapsed,Medium,Mixed,False,
2014,6,Zone_2,0.37,Collapsed,Medium,Mixed,False,
2014,6,Zone_3,0.29,Collapsed,Medium,Mixed,False,
2014,6,Zone_4,0.35,Collapsed,Medium,Mixed,False,
2014,7,Zone_1,0.37,Collapsed,Medium,Mixed,False,
2014,7,Zone_2,0.37,Collapsed,Medium,Mixed,False,
2014,7,Zone_3,0.29,Collapsed,Medium,Mixed,False,
2014,7,Zone_4,0.35,Collapsed,Medium,Mixed,False,
2014,8,Zone_1,0.37,Collapsed,Medium,Mixed,False,
2014,8,Zone_2,0.37,Collapsed,Medium,Mixed,False,
2014,8,Zone_3,0.29,Collapsed,Medium,Mixed,False,
2014,8,Zone_4,0.35,Collapsed,Medium,Mixed,False,
2014,9,Zone_1,0.37,Collapsed,Medium,Mixed,False,
2014,9,Zone_2,0.37,Collapsed,Medium,Mixed,False,
2014,9,Zone_3,0.29,Collapsed,Medium,Mixed,False,
2014,9,Zone_4,0.35,Collapsed,Medium,Mixed,False,
2014,10,Zone_1,0.37,Collapsed,Medium,Mixed,False,
2014,10,Zone_2,0.37,Collapsed,Medium,Mixed,False,
2014,10,Zone_3,0.29,Collapsed,Medium,Mixed,False,
2014,10,Zone_4,0.35,Collapsed,Medium,Mixed,False,
2014,11,Zone_1,0.5,Collapsed,Medium,Dry,False,
2014,11,Zone_2,0.5,Collapsed,Medium,Dry,False,
2014,11,Zone_3,0.35,Collapsed,Medium,Dry,False,
2014,11,Zone_4,0.35,Collapsed,Medium,Dry,False,
2014,12,Zone_1,0.5,Collapsed,Medium,Dry,False,
2014,12,Zone_2,0.5,Collapsed,Medium,Dry,False,
2014,12,Zone_3,0.35,Collapsed,Medium,Dry,False,
2014,12,Zone_4,0.35,Collapsed,Medium,Dry,False,
2015,1,Zone_1,0.14,Fragile,Low,Dry,False,
2015,1,Zone_2,0.14,Fragile,Low,Dry,False,
2015,1,Zone_3,0.02,Fragile,Low,Dry,False,
2015,1,Zone_4,0.01,Fragile,Low,Dry,False,
2015,2,Zone_1,0.14,Fragile,Low,Dry,False,
2015,2,Zone_2,0.14,Fragile,Low,Dry,False,
2015,2,Zone_3,0.02,Fragile,Low,Dry,False,
2015,2,Zone_4,0.01,Fragile,Low,Dry,False,
2015,3,Zone_1,0.14,Fragile,Low,Dry,False,
2015,3,Zone_2,0.14,Fragile,Low,Dry,False,
2015,3,Zone_3,0.02,Fragile,Low,Dry,False,
2015,3,Zone_4,0.01,Fragile,Low,Dry,False,
2015,4,Zone_1,0.14,Fragile,Low,Dry,False,
2015,4,Zone_2,0.14,Fragile,Low,Dry,False,
2015,4,Zone_3,0.02,Fragile,Low,Dry,False,
2015,4,Zone_4,0.01,Fragile,Low,Dry,False,
2015,5,Zone_1,0.1,Fragile,Low,Mixed,False,
2015,5,Zone_2,0.1,Fragile,Low,Mixed,False,
2015,5,Zone_3,0.015,Fragile,Low,Mixed,False,
2015,5,Zone_4,0.01,Fragile,Low,Mixed,False,
2015,6,Zone_1,0.1,Fragile,Low,Mixed,False,
2015,6,Zone_2,0.1,Fragile,Low,Mixed,False,
2015,6,Zone_3,0.015,Fragile,Low,Mixed,False,
2015,6,Zone_4,0.01,Fragile,Low,Mixed,False,
2015,7,Zone_1,0.1,Fragile,Low,Mixed,False,
2015,7,Zone_2,0.1,Fragile,Low,Mixed,False,
2015,7,Zone_3,0.015,Fragile,Low,Mixed,False,
2015,7,Zone_4,0.01,Fragile,Low,Mixed,False,
2015,8,Zone_1,0.1,Fragile,Low,Mixed,False,
2015,8,Zone_2,0.1,Fragile,Low,Mixed,False,
2015,8,Zone_3,0.015,Fragile,Low,Mixed,False,
2015,8,Zone_4,0.01,Fragile,Low,Mixed,False,
2015,9,Zone_1,0.1,Fragile,Low,Mixed,False,
2015,9,Zone_2,0.1,Fragile,Low,Mixed,False,
2015,9,Zone_3,0.015,Fragile,Low,Mixed,False,
2015,9,Zone_4,0.01,Fragile,Low,Mixed,False,
2015,10,Zone_1,0.1,Fragile,Low,Mixed,False,
2015,10,Zone_2,0.1,Fragile,Low,Mixed,False,
2015,10,Zone_3,0.015,Fragile,Low,Mixed,False,
2015,10,Zone_4,0.01,Fragile,Low,Mixed,False,
2015,11,Zone_1,0.14,Fragile,Low,Dry,False,
2015,11,Zone_2,0.14,Fragile,Low,Dry,False,
2015,11,Zone_3,0.02,Fragile,Low,Dry,False,
2015,11,Zone_4,0.01,Fragile,Low,Dry,False,
2015,12,Zone_1,0.14,Fragile,Low,Dry,False,
2015,12,Zone_2,0.14,Fragile,Low,Dry,False,
2015,12,Zone_3,0.02,Fragile,Low,Dry,False,
2015,12,Zone_4,0.01,Fragile,Low,Dry,False,
2016,1,Zone_1,0.14,Fragile,Low,Dry,False,
2016,1,Zone_2,0.14,Fragile,Low,Dry,False,
2016,1,Zone_3,0.02,Fragile,Low,Dry,False,
2016,1,Zone_4,0.01,Fragile,Low,Dry,False,
2016,2,Zone_1,0.14,Fragile,Low,Dry,False,
2016,2,Zone_2,0.14,Fragile,Low,Dry,False,
2016,2,Zone_3,0.02,Fragile,Low,Dry,False,
2016,2,Zone_4,0.01,Fragile,Low,Dry,False,
2016,3,Zone_1,0.14,Fragile,Low,Dry,False,
2016,3,Zone_2,0.14,Fragile,Low,Dry,False,
2016,3,Zone_3,0.02,Fragile,Low,Dry,False,
2016,3,Zone_4,0.01,Fragile,Low,Dry,False,
2016,4,Zone_1,0.14,Fragile,Low,Dry,False,
2016,4,Zone_2,0.14,Fragile,Low,Dry,False,
2016,4,Zone_3,0.02,Fragile,Low,Dry,False,
2016,4,Zone_4,0.01,Fragile,Low,Dry,False,
2016,5,Zone_1,0.1,Fragile,Low,Mixed,False,
2016,5,Zone_2,0.1,Fragile,Low,Mixed,False,
2016,5,Zone_3,0.015,Fragile,Low,Mixed,False,
2016,5,Zone_4,0.01,Fragile,Low,Mixed,False,
2016,6,Zone_1,0.1,Fragile,Low,Mixed,False,
2016,6,Zone_2,0.1,Fragile,Low,Mixed,False,
2016,6,Zone_3,0.015,Fragile,Low,Mixed,False,
2016,6,Zone_4,0.01,Fragile,Low,Mixed,False,
2016,7,Zone_1,0.1,Fragile,Low,Mixed,False,
2016,7,Zone_2,0.1,Fragile,Low,Mixed,False,
2016,7,Zone_3,0.015,Fragile,Low,Mixed,False,
2016,7,Zone_4,0.01,Fragile,Low,Mixed,False,
2016,8,Zone_1,0.1,Fragile,Low,Mixed,False,
2016,8,Zone_2,0.1,Fragile,Low,Mixed,False,
2016,8,Zone_3,0.015,Fragile,Low,Mixed,False,
2016,8,Zone_4,0.01,Fragile,Low,Mixed,False,
2016,9,Zone_1,0.1,Fragile,Low,Mixed,False,
2016,9,Zone_2,0.1,Fragile,Low,Mixed,False,
2016,9,Zone_3,0.015,Fragile,Low,Mixed,False,
2016,9,Zone_4,0.01,Fragile,Low,Mixed,False,
2016,10,Zone_1,0.1,Fragile,Low,Mixed,False,
2016,10,Zone_2,0.1,Fragile,Low,Mixed,False,
2016,10,Zone_3,0.015,Fragile,Low,Mixed,False,
2016,10,Zone_4,0.01,Fragile,Low,Mixed,False,
2016,11,Zone_1,0.14,Fragile,Low,Dry,False,
2016,11,Zone_2,0.14,Fragile,Low,Dry,False,
2016,11,Zone_3,0.02,Fragile,Low,Dry,False,
2016,11,Zone_4,0.01,Fragile,Low,Dry,False,
2016,12,Zone_1,0.14,Fragile,Low,Dry,False,
2016,12,Zone_2,0.14,Fragile,Low,Dry,False,
2016,12,Zone_3,0.02,Fragile,Low,Dry,False,
2016,12,Zone_4,0.01,Fragile,Low,Dry,False,
2017,1,Zone_1,0.14,Fragile,Low,Dry,False,
2017,1,Zone_2,0.14,Fragile,Low,Dry,False,
2017,1,Zone_3,0.02,Fragile,Low,Dry,False,
2017,1,Zone_4,0.01,Fragile,Low,Dry,False,
2017,2,Zone_1,0.14,Fragile,Low,Dry,False,
2017,2,Zone_2,0.14,Fragile,Low,Dry,False,
2017,2,Zone_3,0.02,Fragile,Low,Dry,False,
2017,2,Zone_4,0.01,Fragile,Low,Dry,False,
2017,3,Zone_1,0.14,Fragile,Low,Dry,False,
2017,3,Zone_2,0.14,Fragile,Low,Dry,False,
2017,3,Zone_3,0.02,Fragile,Low,Dry,False,
2017,3,Zone_4,0.01,Fragile,Low,Dry,False,
2017,4,Zone_1,0.14,Fragile,Low,Dry,False,
2017,4,Zone_2,0.14,Fragile,Low,Dry,False,
2017,4,Zone_3,0.02,Fragile,Low,Dry,False,
2017,4,Zone_4,0.01,Fragile,Low,Dry,False,
2017,5,Zone_1,0.1,Fragile,Low,Mixed,False,
2017,5,Zone_2,0.1,Fragile,Low,Mixed,False,
2017,5,Zone_3,0.015,Fragile,Low,Mixed,False,
2017,5,Zone_4,0.01,Fragile,Low,Mixed,False,
2017,6,Zone_1,0.1,Fragile,Low,Mixed,False,
2017,6,Zone_2,0.1,Fragile,Low,Mixed,False,
2017,6,Zone_3,0.015,Fragile,Low,Mixed,False,
2017,6,Zone_4,0.01,Fragile,Low,Mixed,False,
2017,7,Zone_1,0.1,Fragile,Low,Mixed,False,
2017,7,Zone_2,0.1,Fragile,Low,Mixed,False,
2017,7,Zone_3,0.015,Fragile,Low,Mixed,False,
2017,7,Zone_4,0.01,Fragile,Low,Mixed,False,
2017,8,Zone_1,0.1,Fragile,Low,Mixed,False,
2017,8,Zone_2,0.1,Fragile,Low,Mixed,False,
2017,8,Zone_3,0.015,Fragile,Low,Mixed,False,
2017,8,Zone_4,0.01,Fragile,Low,Mixed,False,
2017,9,Zone_1,0.1,Fragile,Low,Mixed,False,
2017,9,Zone_2,0.1,Fragile,Low,Mixed,False,
2017,9,Zone_3,0.015,Fragile,Low,Mixed,False,
2017,9,Zone_4,0.01,Fragile,Low,Mixed,False,
2017,10,Zone_1,0.1,Fragile,Low,Mixed,False,
2017,10,Zone_2,0.1,Fragile,Low,Mixed,False,
2017,10,Zone_3,0.015,Fragile,Low,Mixed,False,
2017,10,Zone_4,0.01,Fragile,Low,Mixed,False,
2017,11,Zone_1,0.14,Fragile,Low,Dry,False,
2017,11,Zone_2,0.14,Fragile,Low,Dry,False,
2017,11,Zone_3,0.02,Fragile,Low,Dry,False,
2017,11,Zone_4,0.01,Fragile,Low,Dry,False,
2017,12,Zone_1,0.14,Fragile,Low,Dry,False,
2017,12,Zone_2,0.14,Fragile,Low,Dry,False,
2017,12,Zone_3,0.02,Fragile,Low,Dry,False,
2017,12,Zone_4,0.01,Fragile,Low,Dry,False,
2018,1,Zone_1,0.1154,Stable,Low,Dry,False,
2018,1,Zone_2,0.1154,Stable,Low,Dry,False,
2018,1,Zone_3,0.1154,Stable,Low,Dry,False,
2018,1,Zone_4,0.0455,Stable,Low,Dry,False,
2018,2,Zone_1,0.1154,Stable,Low,Dry,False,
2018,2,Zone_2,0.1154,Stable,Low,Dry,False,
2018,2,Zone_3,0.1154,Stable,Low,Dry,False,
2018,2,Zone_4,0.0455,Stable,Low,Dry,False,
2018,3,Zone_1,0.1154,Stable,Low,Dry,False,
2018,3,Zone_2,0.1154,Stable,Low,Dry,False,
2018,3,Zone_3,0.1154,Stable,Low,Dry,False,
2018,3,Zone_4,0.0455,Stable,Low,Dry,False,
2018,4,Zone_1,0.1154,Stable,Low,Dry,False,
2018,4,Zone_2,0.1154,Stable,Low,Dry,False,
2018,4,Zone_3,0.1154,Stable,Low,Dry,False,
2018,4,Zone_4,0.0455,Stable,Low,Dry,False,
2018,5,Zone_1,0.08,Stable,Low,Mixed,False,
2018,5,Zone_2,0.08,Stable,Low,Mixed,False,
2018,5,Zone_3,0.03,Stable,Low,Mixed,False,
2018,5,Zone_4,0.0455,Stable,Low,Mixed,False,
2018,6,Zone_1,0.08,Stable,Low,Mixed,False,
2018,6,Zone_2,0.08,Stable,Low,Mixed,False,
2018,6,Zone_3,0.03,Stable,Low,Mixed,False,
2018,6,Zone_4,0.0455,Stable,Low,Mixed,False,
2018,7,Zone_1,0.1,Fragile,Low,Mixed,False,
2018,7,Zone_2,0.1,Fragile,Low,Mixed,False,
2018,7,Zone_3,0.015,Fragile,Low,Mixed,False,
2018,7,Zone_4,0.01,Fragile,Low,Mixed,False,
2018,8,Zone_1,0.1,Fragile,Low,Mixed,False,
2018,8,Zone_2,0.1,Fragile,Low,Mixed,False,
2018,8,Zone_3,0.015,Fragile,Low,Mixed,False,
2018,8,Zone_4,0.01,Fragile,Low,Mixed,False,
2018,9,Zone_1,0.1,Fragile,Low,Mixed,False,
2018,9,Zone_2,0.1,Fragile,Low,Mixed,False,
2018,9,Zone_3,0.015,Fragile,Low,Mixed,False,
2018,9,Zone_4,0.01,Fragile,Low,Mixed,False,
2018,10,Zone_1,0.1,Fragile,Low,Mixed,False,
2018,10,Zone_2,0.1,Fragile,Low,Mixed,False,
2018,10,Zone_3,0.015,Fragile,Low,Mixed,False,
2018,10,Zone_4,0.01,Fragile,Low,Mixed,False,
2018,11,Zone_1,0.14,Fragile,Low,Dry,False,
2018,11,Zone_2,0.14,Fragile,Low,Dry,False,
2018,11,Zone_3,0.02,Fragile,Low,Dry,False,
2018,11,Zone_4,0.01,Fragile,Low,Dry,False,
2018,12,Zone_1,0.14,Fragile,Low,Dry,False,
2018,12,Zone_2,0.14,Fragile,Low,Dry,False,
2018,12,Zone_3,0.02,Fragile,Low,Dry,False,
2018,12,Zone_4,0.01,Fragile,Low,Dry,False,
2019,1,Zone_1,0.217,Fragile,Medium,Dry,False,
2019,1,Zone_2,0.217,Fragile,Medium,Dry,False,
2019,1,Zone_3,0.0283,Fragile,Medium,Dry,False,
2019,1,Zone_4,0.0133,Fragile,Medium,Dry,False,
2019,2,Zone_1,0.217,Fragile,Medium,Dry,False,
2019,2,Zone_2,0.217,Fragile,Medium,Dry,False,
2019,2,Zone_3,0.0283,Fragile,Medium,Dry,False,
2019,2,Zone_4,0.0133,Fragile,Medium,Dry,False,
2019,3,Zone_1,0.217,Fragile,Medium,Dry,False,
2019,3,Zone_2,0.217,Fragile,Medium,Dry,False,
2019,3,Zone_3,0.0283,Fragile,Medium,Dry,False,
2019,3,Zone_4,0.0133,Fragile,Medium,Dry,False,
2019,4,Zone_1,0.217,Fragile,Medium,Dry,False,
2019,4,Zone_2,0.217,Fragile,Medium,Dry,False,
2019,4,Zone_3,0.0283,Fragile,Medium,Dry,False,
2019,4,Zone_4,0.0133,Fragile,Medium,Dry,False,
2019,5,Zone_1,0.15,Fragile,Medium,Mixed,False,
2019,5,Zone_2,0.15,Fragile,Medium,Mixed,False,
2019,5,Zone_3,0.02,Fragile,Medium,Mixed,False,
2019,5,Zone_4,0.0133,Fragile,Medium,Mixed,False,
2019,6,Zone_1,0.15,Fragile,Medium,Mixed,False,
2019,6,Zone_2,0.15,Fragile,Medium,Mixed,False,
2019,6,Zone_3,0.02,Fragile,Medium,Mixed,False,
2019,6,Zone_4,0.0133,Fragile,Medium,Mixed,False,
2019,7,Zone_1,0.15,Fragile,Medium,Mixed,False,
2019,7,Zone_2,0.15,Fragile,Medium,Mixed,False,
2019,7,Zone_3,0.02,Fragile,Medium,Mixed,False,
2019,7,Zone_4,0.0133,Fragile,Medium,Mixed,False,
2019,8,Zone_1,0.15,Fragile,Medium,Mixed,False,
2019,8,Zone_2,0.15,Fragile,Medium,Mixed,False,
2019,8,Zone_3,0.02,Fragile,Medium,Mixed,False,
2019,8,Zone_4,0.0133,Fragile,Medium,Mixed,False,
2019,9,Zone_1,0.15,Fragile,Medium,Mixed,False,
2019,9,Zone_2,0.15,Fragile,Medium,Mixed,False,
2019,9,Zone_3,0.02,Fragile,Medium,Mixed,False,
2019,9,Zone_4,0.0133,Fragile,Medium,Mixed,False,
2019,10,Zone_1,0.15,Fragile,Medium,Mixed,False,
2019,10,Zone_2,0.15,Fragile,Medium,Mixed,False,
2019,10,Zone_3,0.02,Fragile,Medium,Mixed,False,
2019,10,Zone_4,0.0133,Fragile,Medium,Mixed,False,
2019,11,Zone_1,0.217,Fragile,Medium,Dry,False,
2019,11,Zone_2,0.217,Fragile,Medium,Dry,False,
2019,11,Zone_3,0.0283,Fragile,Medium,Dry,False,
2019,11,Zone_4,0.0133,Fragile,Medium,Dry,False,
2019,12,Zone_1,0.217,Fragile,Medium,Dry,False,
2019,12,Zone_2,0.217,Fragile,Medium,Dry,False,
2019,12,Zone_3,0.0283,Fragile,Medium,Dry,False,
2019,12,Zone_4,0.0133,Fragile,Medium,Dry,False,
2020,1,Zone_1,0.5,Collapsed,Medium,Dry,False,
2020,1,Zone_2,0.5,Collapsed,Medium,Dry,False,
2020,1,Zone_3,0.35,Collapsed,Medium,Dry,False,
2020,1,Zone_4,0.35,Collapsed,Medium,Dry,False,
2020,2,Zone_1,0.5,Collapsed,Medium,Dry,False,
2020,2,Zone_2,0.5,Collapsed,Medium,Dry,False,
2020,2,Zone_3,0.35,Collapsed,Medium,Dry,False,
2020,2,Zone_4,0.35,Collapsed,Medium,Dry,False,
2020,3,Zone_1,0.5,Collapsed,Medium,Dry,False,
2020,3,Zone_2,0.5,Collapsed,Medium,Dry,False,
2020,3,Zone_3,0.35,Collapsed,Medium,Dry,False,
2020,3,Zone_4,0.35,Collapsed,Medium,Dry,False,
2020,4,Zone_1,0.5,Collapsed,Medium,Dry,False,
2020,4,Zone_2,0.5,Collapsed,Medium,Dry,False,
2020,4,Zone_3,0.35,Collapsed,Medium,Dry,False,
2020,4,Zone_4,0.35,Collapsed,Medium,Dry,False,
2020,5,Zone_1,0.37,Collapsed,Medium,Mixed,False,
2020,5,Zone_2,0.37,Collapsed,Medium,Mixed,False,
2020,5,Zone_3,0.29,Collapsed,Medium,Mixed,False,
2020,5,Zone_4,0.35,Collapsed,Medium,Mixed,False,
2020,6,Zone_1,0.15,Fragile,Medium,Mixed,False,
2020,6,Zone_2,0.15,Fragile,Medium,Mixed,False,
2020,6,Zone_3,0.02,Fragile,Medium,Mixed,False,
2020,6,Zone_4,0.0133,Fragile,Medium,Mixed,False,
2020,7,Zone_1,0.15,Fragile,Medium,Mixed,False,
2020,7,Zone_2,0.15,Fragile,Medium,Mixed,False,
2020,7,Zone_3,0.02,Fragile,Medium,Mixed,False,
2020,7,Zone_4,0.0133,Fragile,Medium,Mixed,False,
2020,8,Zone_1,0.15,Fragile,Medium,Mixed,False,
2020,8,Zone_2,0.15,Fragile,Medium,Mixed,False,
2020,8,Zone_3,0.02,Fragile,Medium,Mixed,False,
2020,8,Zone_4,0.0133,Fragile,Medium,Mixed,False,
2020,9,Zone_1,0.15,Fragile,Medium,Mixed,False,
2020,9,Zone_2,0.15,Fragile,Medium,Mixed,False,
2020,9,Zone_3,0.02,Fragile,Medium,Mixed,False,
2020,9,Zone_4,0.0133,Fragile,Medium,Mixed,False,
2020,10,Zone_1,0.15,Fragile,Medium,Mixed,False,
2020,10,Zone_2,0.15,Fragile,Medium,Mixed,False,
2020,10,Zone_3,0.02,Fragile,Medium,Mixed,False,
2020,10,Zone_4,0.0133,Fragile,Medium,Mixed,False,
2020,11,Zone_1,0.217,Fragile,Medium,Dry,False,
2020,11,Zone_2,0.217,Fragile,Medium,Dry,False,
2020,11,Zone_3,0.0283,Fragile,Medium,Dry,False,
2020,11,Zone_4,0.0133,Fragile,Medium,Dry,False,
2020,12,Zone_1,0.217,Fragile,Medium,Dry,False,
2020,12,Zone_2,0.217,Fragile,Medium,Dry,False,
2020,12,Zone_3,0.0283,Fragile,Medium,Dry,False,
2020,12,Zone_4,0.0133,Fragile,Medium,Dry,False,
2021,1,Zone_1,0.5,Collapsed,Medium,Dry,False,
2021,1,Zone_2,0.5,Collapsed,Medium,Dry,False,
2021,1,Zone_3,0.35,Collapsed,Medium,Dry,False,
2021,1,Zone_4,0.35,Collapsed,Medium,Dry,False,
2021,2,Zone_1,0.5,Collapsed,Medium,Dry,False,
2021,2,Zone_2,0.5,Collapsed,Medium,Dry,False,
2021,2,Zone_3,0.35,Collapsed,Medium,Dry,False,
2021,2,Zone_4,0.35,Collapsed,Medium,Dry,False,
2021,3,Zone_1,0.5,Collapsed,Medium,Dry,False,
2021,3,Zone_2,0.5,Collapsed,Medium,Dry,False,
2021,3,Zone_3,0.35,Collapsed,Medium,Dry,False,
2021,3,Zone_4,0.35,Collapsed,Medium,Dry,False,
2021,4,Zone_1,0.5,Collapsed,Medium,Dry,False,
2021,4,Zone_2,0.5,Collapsed,Medium,Dry,False,
2021,4,Zone_3,0.35,Collapsed,Medium,Dry,False,
2021,4,Zone_4,0.35,Collapsed,Medium,Dry,False,
2021,5,Zone_1,0.37,Collapsed,Medium,Mixed,False,
2021,5,Zone_2,0.37,Collapsed,Medium,Mixed,False,
2021,5,Zone_3,0.29,Collapsed,Medium,Mixed,False,
2021,5,Zone_4,0.35,Collapsed,Medium,Mixed,False,
2021,6,Zone_1,0.37,Collapsed,Medium,Mixed,False,
2021,6,Zone_2,0.37,Collapsed,Medium,Mixed,False,
2021,6,Zone_3,0.29,Collapsed,Medium,Mixed,False,
2021,6,Zone_4,0.35,Collapsed,Medium,Mixed,False,
2021,7,Zone_1,0.37,Collapsed,Medium,Mixed,False,
2021,7,Zone_2,0.37,Collapsed,Medium,Mixed,False,
2021,7,Zone_3,0.29,Collapsed,Medium,Mixed,False,
2021,7,Zone_4,0.35,Collapsed,Medium,Mixed,False,
2021,8,Zone_1,0.37,Collapsed,Medium,Mixed,False,
2021,8,Zone_2,0.37,Collapsed,Medium,Mixed,False,
2021,8,Zone_3,0.29,Collapsed,Medium,Mixed,False,
2021,8,Zone_4,0.35,Collapsed,Medium,Mixed,False,
2021,9,Zone_1,0.37,Collapsed,Medium,Mixed,False,
2021,9,Zone_2,0.37,Collapsed,Medium,Mixed,False,
2021,9,Zone_3,0.29,Collapsed,Medium,Mixed,False,
2021,9,Zone_4,0.35,Collapsed,Medium,Mixed,False,
2021,10,Zone_1,0.37,Collapsed,Medium,Mixed,False,
2021,10,Zone_2,0.37,Collapsed,Medium,Mixed,False,
2021,10,Zone_3,0.29,Collapsed,Medium,Mixed,False,
2021,10,Zone_4,0.35,Collapsed,Medium,Mixed,False,
2021,11,Zone_1,0.5,Collapsed,Medium,Dry,False,
2021,11,Zone_2,0.5,Collapsed,Medium,Dry,False,
2021,11,Zone_3,0.35,Collapsed,Medium,Dry,False,
2021,11,Zone_4,0.35,Collapsed,Medium,Dry,False,
2021,12,Zone_1,0.5,Collapsed,Medium,Dry,False,
2021,12,Zone_2,0.5,Collapsed,Medium,Dry,False,
2021,12,Zone_3,0.35,Collapsed,Medium,Dry,False,
2021,12,Zone_4,0.35,Collapsed,Medium,Dry,False,
2022,1,Zone_1,0.5,Collapsed,Medium,Dry,False,
2022,1,Zone_2,0.5,Collapsed,Medium,Dry,False,
2022,1,Zone_3,0.35,Collapsed,Medium,Dry,False,
2022,1,Zone_4,0.35,Collapsed,Medium,Dry,False,
2022,2,Zone_1,0.5,Collapsed,Medium,Dry,False,
2022,2,Zone_2,0.5,Collapsed,Medium,Dry,False,
2022,2,Zone_3,0.35,Collapsed,Medium,Dry,False,
2022,2,Zone_4,0.35,Collapsed,Medium,Dry,False,
2022,3,Zone_1,0.5,Collapsed,Medium,Dry,False,
2022,3,Zone_2,0.5,Collapsed,Medium,Dry,False,
2022,3,Zone_3,0.35,Collapsed,Medium,Dry,False,
2022,3,Zone_4,0.35,Collapsed,Medium,Dry,False,
2022,4,Zone_1,0.5,Collapsed,Medium,Dry,False,
2022,4,Zone_2,0.5,Collapsed,Medium,Dry,False,
2022,4,Zone_3,0.35,Collapsed,Medium,Dry,False,
2022,4,Zone_4,0.35,Collapsed,Medium,Dry,False,
2022,5,Zone_1,0.37,Collapsed,Medium,Mixed,False,
2022,5,Zone_2,0.37,Collapsed,Medium,Mixed,False,
2022,5,Zone_3,0.29,Collapsed,Medium,Mixed,False,
2022,5,Zone_4,0.35,Collapsed,Medium,Mixed,False,
2022,6,Zone_1,0.37,Collapsed,Medium,Mixed,False,
2022,6,Zone_2,0.37,Collapsed,Medium,Mixed,False,
2022,6,Zone_3,0.29,Collapsed,Medium,Mixed,False,
2022,6,Zone_4,0.35,Collapsed,Medium,Mixed,False,
2022,7,Zone_1,0.37,Collapsed,Medium,Mixed,False,
2022,7,Zone_2,0.37,Collapsed,Medium,Mixed,False,
2022,7,Zone_3,0.29,Collapsed,Medium,Mixed,False,
2022,7,Zone_4,0.35,Collapsed,Medium,Mixed,False,
2022,8,Zone_1,0.37,Collapsed,Medium,Mixed,False,
2022,8,Zone_2,0.37,Collapsed,Medium,Mixed,False,
2022,8,Zone_3,0.29,Collapsed,Medium,Mixed,False,
2022,8,Zone_4,0.35,Collapsed,Medium,Mixed,False,
2022,9,Zone_1,0.37,Collapsed,Medium,Mixed,False,
2022,9,Zone_2,0.37,Collapsed,Medium,Mixed,False,
2022,9,Zone_3,0.29,Collapsed,Medium,Mixed,False,
2022,9,Zone_4,0.35,Collapsed,Medium,Mixed,False,
2022,10,Zone_1,0.37,Collapsed,Medium,Mixed,False,
2022,10,Zone_2,0.37,Collapsed,Medium,Mixed,False,
2022,10,Zone_3,0.29,Collapsed,Medium,Mixed,False,
2022,10,Zone_4,0.35,Collapsed,Medium,Mixed,False,
2022,11,Zone_1,0.5,Collapsed,Medium,Dry,False,
2022,11,Zone_2,0.5,Collapsed,Medium,Dry,False,
2022,11,Zone_3,0.35,Collapsed,Medium,Dry,False,
2022,11,Zone_4,0.35,Collapsed,Medium,Dry,False,
2022,12,Zone_1,0.5,Collapsed,Medium,Dry,False,
2022,12,Zone_2,0.5,Collapsed,Medium,Dry,False,
2022,12,Zone_3,0.35,Collapsed,Medium,Dry,False,
2022,12,Zone_4,0.35,Collapsed,Medium,Dry,False,
2023,1,Zone_1,0.217,Fragile,Medium,Dry,False,
2023,1,Zone_2,0.217,Fragile,Medium,Dry,False,
2023,1,Zone_3,0.0283,Fragile,Medium,Dry,False,
2023,1,Zone_4,0.0133,Fragile,Medium,Dry,False,
2023,2,Zone_1,0.217,Fragile,Medium,Dry,False,
2023,2,Zone_2,0.217,Fragile,Medium,Dry,False,
2023,2,Zone_3,0.0283,Fragile,Medium,Dry,False,
2023,2,Zone_4,0.0133,Fragile,Medium,Dry,False,
2023,3,Zone_1,0.217,Fragile,Medium,Dry,False,
2023,3,Zone_2,0.217,Fragile,Medium,Dry,False,
2023,3,Zone_3,0.0283,Fragile,Medium,Dry,False,
2023,3,Zone_4,0.0133,Fragile,Medium,Dry,False,
2023,4,Zone_1,0.217,Fragile,Medium,Dry,False,
2023,4,Zone_2,0.217,Fragile,Medium,Dry,False,
2023,4,Zone_3,0.0283,Fragile,Medium,Dry,False,
2023,4,Zone_4,0.0133,Fragile,Medium,Dry,False,
2023,5,Zone_1,0.15,Fragile,Medium,Mixed,False,
2023,5,Zone_2,0.15,Fragile,Medium,Mixed,False,
2023,5,Zone_3,0.02,Fragile,Medium,Mixed,False,
2023,5,Zone_4,0.0133,Fragile,Medium,Mixed,False,
2023,6,Zone_1,0.15,Fragile,Medium,Mixed,False,
2023,6,Zone_2,0.15,Fragile,Medium,Mixed,False,
2023,6,Zone_3,0.02,Fragile,Medium,Mixed,False,
2023,6,Zone_4,0.0133,Fragile,Medium,Mixed,False,
2023,7,Zone_1,0.15,Fragile,Medium,Mixed,False,
2023,7,Zone_2,0.15,Fragile,Medium,Mixed,False,
2023,7,Zone_3,0.02,Fragile,Medium,Mixed,False,
2023,7,Zone_4,0.0133,Fragile,Medium,Mixed,False,
2023,8,Zone_1,0.15,Fragile,Medium,Mixed,False,
2023,8,Zone_2,0.15,Fragile,Medium,Mixed,False,
2023,8,Zone_3,0.02,Fragile,Medium,Mixed,False,
2023,8,Zone_4,0.0133,Fragile,Medium,Mixed,False,
2023,9,Zone_1,0.15,Fragile,Medium,Mixed,False,
2023,9,Zone_2,0.15,Fragile,Medium,Mixed,False,
2023,9,Zone_3,0.02,Fragile,Medium,Mixed,False,
2023,9,Zone_4,0.0133,Fragile,Medium,Mixed,False,
2023,10,Zone_1,0.15,Fragile,Medium,Mixed,False,
2023,10,Zone_2,0.15,Fragile,Medium,Mixed,False,
2023,10,Zone_3,0.02,Fragile,Medium,Mixed,False,
2023,10,Zone_4,0.0133,Fragile,Medium,Mixed,False,
2023,11,Zone_1,0.217,Fragile,Medium,Dry,False,
2023,11,Zone_2,0.217,Fragile,Medium,Dry,False,
2023,11,Zone_3,0.0283,Fragile,Medium,Dry,False,
2023,11,Zone_4,0.0133,Fragile,Medium,Dry,False,
2023,12,Zone_1,0.217,Fragile,Medium,Dry,False,
2023,12,Zone_2,0.217,Fragile,Medium,Dry,False,
2023,12,Zone_3,0.0283,Fragile,Medium,Dry,False,
2023,12,Zone_4,0.0133,Fragile,Medium,Dry,False,
2024,1,Zone_1,0.4,Fragile,High,Dry,False,
2024,1,Zone_2,0.4,Fragile,High,Dry,False,
2024,1,Zone_3,0.2,Fragile,High,Dry,False,
2024,1,Zone_4,0.2,Fragile,High,Dry,False,
2024,2,Zone_1,0.4,Fragile,High,Dry,False,
2024,2,Zone_2,0.4,Fragile,High,Dry,False,
2024,2,Zone_3,0.2,Fragile,High,Dry,False,
2024,2,Zone_4,0.2,Fragile,High,Dry,False,
2024,3,Zone_1,0.4,Fragile,High,Dry,False,
2024,3,Zone_2,0.4,Fragile,High,Dry,False,
2024,3,Zone_3,0.2,Fragile,High,Dry,False,
2024,3,Zone_4,0.2,Fragile,High,Dry,False,
2024,4,Zone_1,0.4,Fragile,High,Dry,False,
2024,4,Zone_2,0.4,Fragile,High,Dry,False,
2024,4,Zone_3,0.2,Fragile,High,Dry,False,
2024,4,Zone_4,0.2,Fragile,High,Dry,False,
2024,5,Zone_1,0.35,Fragile,High,Mixed,False,
2024,5,Zone_2,0.35,Fragile,High,Mixed,False,
2024,5,Zone_3,0.15,Fragile,High,Mixed,False,
2024,5,Zone_4,0.2,Fragile,High,Mixed,False,
2024,6,Zone_1,0.35,Fragile,High,Mixed,False,
2024,6,Zone_2,0.35,Fragile,High,Mixed,False,
2024,6,Zone_3,0.15,Fragile,High,Mixed,False,
2024,6,Zone_4,0.2,Fragile,High,Mixed,False,
2024,7,Zone_1,0.15,Stable,High,Mixed,False,
2024,7,Zone_2,0.15,Stable,High,Mixed,False,
2024,7,Zone_3,0.08,Stable,High,Mixed,False,
2024,7,Zone_4,0.1,Stable,High,Mixed,False,
2024,8,Zone_1,0.15,Stable,High,Mixed,False,
2024,8,Zone_2,0.15,Stable,High,Mixed,False,
2024,8,Zone_3,0.08,Stable,High,Mixed,False,
2024,8,Zone_4,0.1,Stable,High,Mixed,False,
2024,9,Zone_1,0.15,Stable,High,Mixed,False,
2024,9,Zone_2,0.15,Stable,High,Mixed,False,
2024,9,Zone_3,0.08,Stable,High,Mixed,False,
2024,9,Zone_4,0.1,Stable,High,Mixed,False,
2024,10,Zone_1,0.15,Stable,High,Mixed,False,
2024,10,Zone_2,0.15,Stable,High,Mixed,False,
2024,10,Zone_3,0.08,Stable,High,Mixed,False,
2024,10,Zone_4,0.1,Stable,High,Mixed,False,
2024,11,Zone_1,0.2,Stable,High,Dry,False,
2024,11,Zone_2,0.2,Stable,High,Dry,False,
2024,11,Zone_3,0.12,Stable,High,Dry,False,
2024,11,Zone_4,0.1,Stable,High,Dry,False,
2024,12,Zone_1,0.2,Stable,High,Dry,False,
2024,12,Zone_2,0.2,Stable,High,Dry,False,
2024,12,Zone_3,0.12,Stable,High,Dry,False,
2024,12,Zone_4,0.1,Stable,High,Dry,False,
2025,1,Zone_1,0.4,Fragile,High,Dry,False,
2025,1,Zone_2,0.4,Fragile,High,Dry,False,
2025,1,Zone_3,0.2,Fragile,High,Dry,False,
2025,1,Zone_4,0.2,Fragile,High,Dry,False,
2025,2,Zone_1,0.4,Fragile,High,Dry,False,
2025,2,Zone_2,0.4,Fragile,High,Dry,False,
2025,2,Zone_3,0.2,Fragile,High,Dry,False,
2025,2,Zone_4,0.2,Fragile,High,Dry,False,
2025,3,Zone_1,0.4,Fragile,High,Dry,False,
2025,3,Zone_2,0.4,Fragile,High,Dry,False,
2025,3,Zone_3,0.2,Fragile,High,Dry,False,
2025,3,Zone_4,0.2,Fragile,High,Dry,False,
2025,4,Zone_1,0.4,Fragile,High,Dry,False,
2025,4,Zone_2,0.4,Fragile,High,Dry,False,
2025,4,Zone_3,0.2,Fragile,High,Dry,False,
2025,4,Zone_4,0.2,Fragile,High,Dry,False,
2025,5,Zone_1,0.35,Fragile,High,Mixed,True,Emerald Triangle Skirmish (May 2025)
2025,5,Zone_2,0.35,Fragile,High,Mixed,False,
2025,5,Zone_3,0.15,Fragile,High,Mixed,False,
2025,5,Zone_4,0.2,Fragile,High,Mixed,False,
2025,6,Zone_1,0.8846,Collapsed,High,Mixed,False,
2025,6,Zone_2,0.8846,Collapsed,High,Mixed,False,
2025,6,Zone_3,0.8846,Collapsed,High,Mixed,False,
2025,6,Zone_4,0.9348,Collapsed,High,Mixed,False,
2025,7,Zone_1,0.8846,Collapsed,High,Mixed,True,Thailand-Cambodia Border War (Jul 2025)
2025,7,Zone_2,0.8846,Collapsed,High,Mixed,True,Thailand-Cambodia Border War (Jul 2025)
2025,7,Zone_3,0.8846,Collapsed,High,Mixed,True,Thailand-Cambodia Border War (Jul 2025)
2025,7,Zone_4,0.9348,Collapsed,High,Mixed,True,Thailand-Cambodia Border War (Jul 2025)
2025,8,Zone_1,0.8846,Collapsed,High,Mixed,True,Continued Fighting (Aug 2025)
2025,8,Zone_2,0.8846,Collapsed,High,Mixed,True,Continued Fighting (Aug 2025)
2025,8,Zone_3,0.8846,Collapsed,High,Mixed,True,Continued Fighting (Aug 2025)
2025,8,Zone_4,0.9348,Collapsed,High,Mixed,True,Continued Fighting (Aug 2025)
2025,9,Zone_1,0.8846,Collapsed,High,Mixed,False,
2025,9,Zone_2,0.8846,Collapsed,High,Mixed,False,
2025,9,Zone_3,0.8846,Collapsed,High,Mixed,False,
2025,9,Zone_4,0.9348,Collapsed,High,Mixed,False,
2025,10,Zone_1,0.8846,Collapsed,High,Mixed,False,
2025,10,Zone_2,0.8846,Collapsed,High,Mixed,False,
2025,10,Zone_3,0.8846,Collapsed,High,Mixed,False,
2025,10,Zone_4,0.9348,Collapsed,High,Mixed,False,
2025,11,Zone_1,0.8846,Collapsed,High,Dry,False,
2025,11,Zone_2,0.8846,Collapsed,High,Dry,False,
2025,11,Zone_3,0.8846,Collapsed,High,Dry,False,
2025,11,Zone_4,0.9348,Collapsed,High,Dry,False,
2025,12,Zone_1,0.8846,Collapsed,High,Dry,True,December Escalation (Dec 2025)
2025,12,Zone_2,0.8846,Collapsed,High,Dry,True,December Escalation (Dec 2025)
2025,12,Zone_3,0.8846,Collapsed,High,Dry,True,December Escalation (Dec 2025)
2025,12,Zone_4,0.9348,Collapsed,High,Dry,True,December Escalation (Dec 2025)
